{"cameraMode":{"drawMode":0,"name":"Shaded","section":"Shading Mode"},"sceneLighting":false,"audioPlay":false,"sceneViewState":{"m_AlwaysRefresh":false,"showFog":true,"showSkybox":false,"showFlares":true,"showImageEffects":true,"showParticleSystems":true,"showVisualEffectGraphs":true,"m_FxEnabled":true},"in2DMode":false,"pivot":{"x":0.004937887191772461,"y":1.119734287261963,"z":0.1266930103302002},"rotation":{"x":0.47351914644241335,"y":-0.49658387899398806,"z":0.3785872161388397,"w":0.6212502717971802},"size":0.8660253882408142,"orthographic":false}