{"cameraMode":{"drawMode":0,"name":"Shaded","section":"Shading Mode"},"sceneLighting":false,"audioPlay":false,"sceneViewState":{"m_AlwaysRefresh":false,"showFog":true,"showSkybox":false,"showFlares":true,"showImageEffects":true,"showParticleSystems":true,"showVisualEffectGraphs":true,"m_FxEnabled":true},"in2DMode":false,"pivot":{"x":-1.500002384185791,"y":0.06385757029056549,"z":3.4999988079071047},"rotation":{"x":0.5822332501411438,"y":-0.028035126626491548,"z":0.020095033571124078,"w":0.8122910857200623},"size":3.8084218502044679,"orthographic":false}