{"cameraMode":{"drawMode":0,"name":"Shaded","section":"Shading Mode"},"sceneLighting":false,"audioPlay":false,"sceneViewState":{"m_AlwaysRefresh":false,"showFog":true,"showSkybox":false,"showFlares":true,"showImageEffects":true,"showParticleSystems":true,"showVisualEffectGraphs":true,"m_FxEnabled":true},"in2DMode":false,"pivot":{"x":-0.00038379430770874023,"y":1.7776739597320557,"z":0.07517802715301514},"rotation":{"x":0.47351914644241335,"y":-0.49658387899398806,"z":0.3785872161388397,"w":0.6212502717971802},"size":2.1481690406799318,"orthographic":false}